{
  "__comment": "Instructions: https://mods.blakebr0.com/docs/cucumber/tags-config",
  "forge:ingots/aluminum": "bno:aluminum_ingot",
  "forge:ingots/constantan": "immersiveengineering:ingot_constantan",
  "forge:ingots/tungsten": "null",
  "forge:ingots/mithril": "null",
  "forge:ingots/tin": "bno:tin_ingot",
  "forge:ingots/iridium": "libvulpes:ingotiridium",
  "forge:ingots/zinc": "null",
  "forge:ingots/bronze": "null",
  "forge:ingots/copper": "bno:copper_ingot",
  "forge:ingots/invar": "null",
  "forge:dusts/niter": "null",
  "forge:ingots/chrome": "null",
  "forge:ingots/electrum": "immersiveengineering:ingot_electrum",
  "forge:silicon": "appliedenergistics2:silicon",
  "forge:gems/apatite": "null",
  "forge:ingots/brass": "null",
  "forge:ingots/silver": "bno:silver_ingot",
  "forge:dusts/saltpeter": "immersiveengineering:dust_saltpeter",
  "forge:ingots/steel": "libvulpes:ingotsteel",
  "forge:ingots/titanium": "libvulpes:ingottitanium",
  "forge:rubber": "null",
  "forge:ingots/platinum": "null",
  "forge:dusts/sulfur": "immersiveengineering:dust_sulfur",
  "forge:ingots/lead": "bno:lead_ingot",
  "forge:ingots/graphite": "null",
  "forge:ingots/uranium": "bno:uranium_ingot",
  "forge:ingots/nickel": "bno:nickel_ingot"
}